username,name,url_main,url_user,exists,http_status,response_time_s
carolineg,2Dimensions,https://2Dimensions.com/,https://2Dimensions.com/a/carolineg,Available,404,1.8419482729999999
carolineg,3dnews,http://forum.3dnews.ru/,http://forum.3dnews.ru/member.php?username=carolineg,Available,200,0.20648428799999996
carolineg,7Cups,https://www.7cups.com/,https://www.7cups.com/@carolineg,Claimed,200,1.3974718289999997
carolineg,9GAG,https://www.9gag.com/,https://www.9gag.com/u/carolineg,Claimed,200,1.1285946839999998
carolineg,About.me,https://about.me/,https://about.me/carolineg,Claimed,200,0.465758958
carolineg,Academia.edu,https://www.academia.edu/,https://independent.academia.edu/carolineg,Claimed,200,0.9726078319999999
carolineg,Alik.cz,https://www.alik.cz/,https://www.alik.cz/u/carolineg,Available,404,0.25765102799999995
carolineg,Apple Discussions,https://discussions.apple.com,https://discussions.apple.com/profile/carolineg,Available,404,1.006395027
carolineg,Archive.org,https://archive.org,https://archive.org/details/@carolineg,Claimed,200,1.2746211699999996
carolineg,Asciinema,https://asciinema.org,https://asciinema.org/~carolineg,Available,404,0.18950482599999996
carolineg,Ask Fedora,https://ask.fedoraproject.org/,https://ask.fedoraproject.org/u/carolineg,Available,404,0.672834944
carolineg,AskFM,https://ask.fm/,https://ask.fm/carolineg,Claimed,200,0.6404902419999999
carolineg,Atom Discussions,https://discuss.atom.io,https://discuss.atom.io/u/carolineg/summary,Unknown,?,
carolineg,Audiojungle,https://audiojungle.net/,https://audiojungle.net/user/carolineg,Claimed,200,0.41790058399999996
carolineg,Avizo,https://www.avizo.cz/,https://www.avizo.cz/carolineg/,Available,301,0.25331096
carolineg,BLIP.fm,https://blip.fm/,https://blip.fm/carolineg,Available,404,2.901502297
carolineg,BOOTH,https://booth.pm/,https://carolineg.booth.pm/,Available,302,1.1554053779999998
carolineg,Bandcamp,https://www.bandcamp.com/,https://www.bandcamp.com/carolineg,Claimed,200,0.8569472479999999
carolineg,Bazar.cz,https://www.bazar.cz/,https://www.bazar.cz/carolineg/,Claimed,200,1.9875405799999997
carolineg,Behance,https://www.behance.net/,https://www.behance.net/carolineg,Claimed,200,0.2478231099999999
carolineg,BinarySearch,https://binarysearch.io/,https://binarysearch.io/@/carolineg,Available,200,1.0660772889999999
carolineg,BitBucket,https://bitbucket.org/,https://bitbucket.org/carolineg/,Claimed,200,0.8153572049999999
carolineg,BitCoinForum,https://bitcoinforum.com,https://bitcoinforum.com/profile/carolineg,Available,200,1.107597502
carolineg,Blogger,https://www.blogger.com/,https://carolineg.blogspot.com,Claimed,200,0.49387834799999986
carolineg,BodyBuilding,https://bodyspace.bodybuilding.com/,https://bodyspace.bodybuilding.com/carolineg,Claimed,200,2.4562047729999996
carolineg,Bookcrossing,https://www.bookcrossing.com/,https://www.bookcrossing.com/mybookshelf/carolineg/,Claimed,200,0.8978830029999999
carolineg,BuyMeACoffee,https://www.buymeacoffee.com/,https://buymeacoff.ee/carolineg,Available,404,0.9793046979999999
carolineg,BuzzFeed,https://buzzfeed.com/,https://buzzfeed.com/carolineg,Claimed,200,0.6645071939999999
carolineg,CNET,https://www.cnet.com/,https://www.cnet.com/profiles/carolineg/,Claimed,200,0.680022311
carolineg,CapFriendly,https://www.capfriendly.com/,https://www.capfriendly.com/users/carolineg,Available,200,1.039602168
carolineg,Carbonmade,https://carbonmade.com/,https://carolineg.carbonmade.com,Claimed,200,1.131652303
carolineg,Career.habr,https://career.habr.com/,https://career.habr.com/carolineg,Available,404,0.934524727
carolineg,Championat,https://www.championat.com/,https://www.championat.com/user/carolineg,Available,404,1.752492573
carolineg,Chatujme.cz,https://chatujme.cz/,https://profil.chatujme.cz/carolineg,Available,404,1.192277549
carolineg,Chess,https://www.chess.com/,https://www.chess.com/member/carolineg,Available,200,1.261430652
carolineg,Cloob,https://www.cloob.com/,https://www.cloob.com/name/carolineg,Unknown,?,
carolineg,CloudflareCommunity,https://community.cloudflare.com/,https://community.cloudflare.com/u/carolineg,Available,404,1.4348523919999998
carolineg,Clozemaster,https://www.clozemaster.com,https://www.clozemaster.com/players/carolineg,Available,200,1.717994396
carolineg,Codecademy,https://www.codecademy.com/,https://www.codecademy.com/profiles/carolineg,Claimed,200,1.936036105
carolineg,Codechef,https://www.codechef.com/,https://www.codechef.com/users/carolineg,Available,302,1.5429994759999999
carolineg,Codepen,https://codepen.io/,https://codepen.io/carolineg,Available,403,1.136584853
carolineg,Codewars,https://www.codewars.com,https://www.codewars.com/users/carolineg,Claimed,200,1.314499944
carolineg,ColourLovers,https://www.colourlovers.com/,https://www.colourlovers.com/lover/carolineg,Available,403,1.1940618719999998
carolineg,Contently,https://contently.com/,https://carolineg.contently.com/,Available,404,1.6359034639999996
carolineg,Coroflot,https://coroflot.com/,https://www.coroflot.com/carolineg,Available,404,1.6856869089999997
carolineg,Countable,https://www.countable.us/,https://www.countable.us/carolineg,Available,404,2.7817905229999997
carolineg,Cracked,https://www.cracked.com/,https://www.cracked.com/members/carolineg/,Available,301,1.3697353589999999
carolineg,Crevado,https://crevado.com/,https://carolineg.crevado.com,Available,404,1.8896550269999999
carolineg,DEV Community,https://dev.to/,https://dev.to/carolineg,Available,404,1.349371953
carolineg,DailyMotion,https://www.dailymotion.com/,https://www.dailymotion.com/carolineg,Claimed,200,1.4294759129999997
carolineg,Designspiration,https://www.designspiration.net/,https://www.designspiration.net/carolineg/,Claimed,200,1.861867271
carolineg,DeviantART,https://deviantart.com,https://carolineg.deviantart.com,Claimed,200,2.7980312229999997
carolineg,Discogs,https://www.discogs.com/,https://www.discogs.com/user/carolineg,Claimed,200,1.8436059869999997
carolineg,Discuss.Elastic.co,https://discuss.elastic.co/,https://discuss.elastic.co/u/carolineg,Available,404,1.953084075
carolineg,Disqus,https://disqus.com/,https://disqus.com/carolineg,Claimed,200,1.7478815589999996
carolineg,Docker Hub,https://hub.docker.com/,https://hub.docker.com/u/carolineg/,Available,404,1.9722038559999997
carolineg,Dribbble,https://dribbble.com/,https://dribbble.com/carolineg,Available,404,1.976520474
carolineg,Duolingo,https://duolingo.com/,https://www.duolingo.com/profile/carolineg,Claimed,200,2.15617022
carolineg,Ello,https://ello.co/,https://ello.co/carolineg,Claimed,200,2.2918253539999998
carolineg,Etsy,https://www.etsy.com/,https://www.etsy.com/shop/carolineg,Available,404,2.0125597369999997
carolineg,Euw,https://euw.op.gg/,https://euw.op.gg/summoner/userName=carolineg,Available,200,2.078330747
carolineg,EyeEm,https://www.eyeem.com/,https://www.eyeem.com/u/carolineg,Claimed,200,2.224697935
carolineg,F3.cool,https://f3.cool/,https://f3.cool/carolineg/,Available,404,2.139481186
carolineg,Facebook,https://www.facebook.com/,https://www.facebook.com/carolineg,Claimed,200,2.113259543
carolineg,Facenama,https://facenama.com/,https://facenama.com/carolineg,Available,302,2.282223078
carolineg,Fandom,https://www.fandom.com/,https://www.fandom.com/u/carolineg,Available,404,2.358302395
carolineg,Flickr,https://www.flickr.com/,https://www.flickr.com/people/carolineg,Claimed,200,2.5556113209999998
carolineg,Flightradar24,https://www.flightradar24.com/,https://my.flightradar24.com/carolineg,Available,404,2.3853485909999996
carolineg,Flipboard,https://flipboard.com/,https://flipboard.com/@carolineg,Claimed,200,2.3200225129999996
carolineg,Football,https://www.rusfootball.info/,https://www.rusfootball.info/user/carolineg/,Available,404,2.5792155059999997
carolineg,FortniteTracker,https://fortnitetracker.com/challenges,https://fortnitetracker.com/profile/all/carolineg,Claimed,200,2.770886417
carolineg,Freelance.habr,https://freelance.habr.com/,https://freelance.habr.com/freelancers/carolineg,Available,404,2.1615821349999997
carolineg,Freelancer,https://www.freelancer.com/,https://www.freelancer.com/u/carolineg,Claimed,200,2.268979124
carolineg,Freesound,https://freesound.org/,https://freesound.org/people/carolineg/,Claimed,200,2.328893909
carolineg,Gamespot,https://www.gamespot.com/,https://www.gamespot.com/profile/carolineg/,Available,404,2.680528657
carolineg,GetMyUni,https://getmyuni.com/,https://www.getmyuni.com/user/carolineg,Available,404,4.437433239
carolineg,Giphy,https://giphy.com/,https://giphy.com/carolineg,Available,404,2.4527286929999996
carolineg,GitHub,https://www.github.com/,https://www.github.com/carolineg,Claimed,200,2.9847026239999996
carolineg,GitHub Support Community,https://github.community,https://github.community/u/carolineg/summary,Available,404,2.8607550489999998
carolineg,GitLab,https://gitlab.com/,https://gitlab.com/carolineg,Claimed,200,2.566145036
carolineg,Gitee,https://gitee.com/,https://gitee.com/carolineg,Available,404,3.3410817229999994
carolineg,GoodReads,https://www.goodreads.com/,https://www.goodreads.com/carolineg,Available,404,2.8699587629999996
carolineg,Gravatar,http://en.gravatar.com/,http://en.gravatar.com/carolineg,Claimed,200,2.626358422
carolineg,Gumroad,https://www.gumroad.com/,https://www.gumroad.com/carolineg,Claimed,200,3.319873059
carolineg,GunsAndAmmo,https://gunsandammo.com/,https://forums.gunsandammo.com/profile/carolineg,Available,404,2.885596134
carolineg,GuruShots,https://gurushots.com/,https://gurushots.com/carolineg/photos,Claimed,200,2.8965916839999997
carolineg,HackTheBox,https://forum.hackthebox.eu/,https://forum.hackthebox.eu/profile/carolineg,Available,404,2.7664279389999997
carolineg,Hackaday,https://hackaday.io/,https://hackaday.io/carolineg,Available,410,3.3725572919999998
carolineg,HackerNews,https://news.ycombinator.com/,https://news.ycombinator.com/user?id=carolineg,Claimed,200,3.2937006229999994
carolineg,HackerOne,https://hackerone.com/,https://hackerone.com/carolineg,Available,404,3.908788916
carolineg,HackerRank,https://hackerrank.com/,https://hackerrank.com/carolineg,Claimed,200,3.5631775039999996
carolineg,Houzz,https://houzz.com/,https://houzz.com/user/carolineg,Claimed,200,3.751565822
carolineg,HubPages,https://hubpages.com/,https://hubpages.com/@carolineg,Available,404,3.378598103
carolineg,Hubski,https://hubski.com/,https://hubski.com/user/carolineg,Available,200,3.19606429
carolineg,ICQ,https://icq.com/,https://icq.im/carolineg,Claimed,404,3.6991032069999994
carolineg,IFTTT,https://www.ifttt.com/,https://www.ifttt.com/p/carolineg,Claimed,200,3.423973363
carolineg,ImgUp.cz,https://imgup.cz/,https://imgup.cz/carolineg,Available,404,3.0664864379999996
carolineg,Imgur,https://imgur.com/,https://imgur.com/user/carolineg,Claimed,200,3.0788224979999996
carolineg,Instructables,https://www.instructables.com/,https://www.instructables.com/member/carolineg,Claimed,200,3.476894538
carolineg,Issuu,https://issuu.com/,https://issuu.com/carolineg,Claimed,200,3.4166636179999994
carolineg,Itch.io,https://itch.io/,https://carolineg.itch.io/,Available,404,3.7712372519999997
carolineg,Itemfix,https://www.itemfix.com/,https://www.itemfix.com/c/carolineg,Available,200,3.4431253760000002
carolineg,Jimdo,https://jimdosite.com/,https://carolineg.jimdosite.com,Available,404,3.2137676849999997
carolineg,Kaggle,https://www.kaggle.com/,https://www.kaggle.com/carolineg,Claimed,200,3.4498778759999995
carolineg,Keybase,https://keybase.io/,https://keybase.io/carolineg,Available,404,3.548819041
carolineg,Kik,http://kik.me/,https://kik.me/carolineg,Available,404,3.7093642300000003
carolineg,Kongregate,https://www.kongregate.com/,https://www.kongregate.com/accounts/carolineg,Claimed,200,3.807636554
carolineg,LOR,https://linux.org.ru/,https://www.linux.org.ru/people/carolineg/profile,Available,404,3.5556100529999997
carolineg,Launchpad,https://launchpad.net/,https://launchpad.net/~carolineg,Available,404,3.6874090390000003
carolineg,LeetCode,https://leetcode.com/,https://leetcode.com/carolineg,Claimed,200,4.66392627
carolineg,Letterboxd,https://letterboxd.com/,https://letterboxd.com/carolineg,Claimed,200,4.7142267019999995
carolineg,Lichess,https://lichess.org,https://lichess.org/@/carolineg,Claimed,200,3.540315833
carolineg,LiveJournal,https://www.livejournal.com/,https://carolineg.livejournal.com,Claimed,200,3.715363808
carolineg,Lobsters,https://lobste.rs/,https://lobste.rs/u/carolineg,Available,404,4.0026242839999995
carolineg,Lolchess,https://lolchess.gg/,https://lolchess.gg/profile/na/carolineg,Available,200,4.7213403419999995
carolineg,Medium,https://medium.com/,https://medium.com/@carolineg,Claimed,200,3.7774891739999994
carolineg,Memrise,https://www.memrise.com/,https://www.memrise.com/user/carolineg/,Claimed,200,4.905073757
carolineg,MixCloud,https://www.mixcloud.com/,https://www.mixcloud.com/carolineg/,Claimed,200,3.752831692
carolineg,Munzee,https://www.munzee.com/,https://www.munzee.com/m/carolineg,Available,404,4.215596143
carolineg,MyAnimeList,https://myanimelist.net/,https://myanimelist.net/profile/carolineg,Available,404,4.185981429
carolineg,MyMiniFactory,https://www.myminifactory.com/,https://www.myminifactory.com/users/carolineg,Available,404,4.314032146
carolineg,Myspace,https://myspace.com/,https://myspace.com/carolineg,Claimed,200,4.272956821
carolineg,NICommunityForum,https://www.native-instruments.com/forum/,https://www.native-instruments.com/forum/members?username=carolineg,Available,200,3.9799839409999995
carolineg,NationStates Nation,https://nationstates.net,https://nationstates.net/nation=carolineg,Available,200,4.9691570249999995
carolineg,NationStates Region,https://nationstates.net,https://nationstates.net/region=carolineg,Available,200,4.97896276
carolineg,Naver,https://naver.com,https://blog.naver.com/carolineg,Claimed,200,5.41476868
carolineg,Newgrounds,https://newgrounds.com,https://carolineg.newgrounds.com,Available,404,4.408435964
carolineg,Nightbot,https://nightbot.tv/,https://nightbot.tv/t/carolineg/commands,Available,404,4.508540701
carolineg,NotABug.org,https://notabug.org/,https://notabug.org/carolineg,Available,404,4.58478869
carolineg,OK,https://ok.ru/,https://ok.ru/carolineg,Available,404,4.17143895
carolineg,OpenStreetMap,https://www.openstreetmap.org/,https://www.openstreetmap.org/user/carolineg,Available,404,4.104440332999999
carolineg,Opensource,https://opensource.com/,https://opensource.com/users/carolineg,Available,404,4.638744274
carolineg,Oracle Community,https://community.oracle.com,https://community.oracle.com/people/carolineg,Available,404,5.5952946919999995
carolineg,Otzovik,https://otzovik.com/,https://otzovik.com/profile/carolineg,Available,404,4.36154478
carolineg,OurDJTalk,https://ourdjtalk.com/,https://ourdjtalk.com/members?username=carolineg,Available,200,5.335693436
carolineg,PCGamer,https://pcgamer.com,https://forums.pcgamer.com/members/?username=carolineg,Available,200,4.756241881999999
carolineg,PCPartPicker,https://pcpartpicker.com,https://pcpartpicker.com/user/carolineg,Available,503,4.403461333
carolineg,PSNProfiles.com,https://psnprofiles.com/,https://psnprofiles.com/carolineg,Available,302,4.839920848999999
carolineg,Packagist,https://packagist.org/,https://packagist.org/packages/carolineg/,Available,302,4.523721105
carolineg,Pastebin,https://pastebin.com/,https://pastebin.com/u/carolineg,Claimed,200,4.646155192
carolineg,Patreon,https://www.patreon.com/,https://www.patreon.com/carolineg,Claimed,200,5.421371778
carolineg,Periscope,https://www.periscope.tv/,https://www.periscope.tv/carolineg/,Claimed,200,6.28699231
carolineg,Pinkbike,https://www.pinkbike.com/,https://www.pinkbike.com/u/carolineg/,Available,404,5.231905975
carolineg,Pinterest,https://www.pinterest.com/,https://www.pinterest.com/carolineg/,Claimed,200,4.8800174599999995
carolineg,PlayStore,https://play.google.com/store,https://play.google.com/store/apps/developer?id=carolineg,Available,404,4.8650856749999996
carolineg,Plug.DJ,https://plug.dj/,https://plug.dj/@/carolineg,Unknown,?,
carolineg,Pokemon Showdown,https://pokemonshowdown.com,https://pokemonshowdown.com/users/carolineg,Available,404,4.955998234
carolineg,Polarsteps,https://polarsteps.com/,https://polarsteps.com/carolineg,Claimed,200,5.16073584
carolineg,Polygon,https://www.polygon.com/,https://www.polygon.com/users/carolineg,Available,404,6.249497754
carolineg,ProductHunt,https://www.producthunt.com/,https://www.producthunt.com/@carolineg,Claimed,200,5.09261404
carolineg,PromoDJ,http://promodj.com/,http://promodj.com/carolineg,Available,404,5.717918429
carolineg,PyPi,https://pypi.org,https://pypi.org/user/carolineg,Available,404,5.093667387
carolineg,Quizlet,https://quizlet.com,https://quizlet.com/carolineg,Claimed,200,5.266527663
carolineg,Raidforums,https://raidforums.com/,https://raidforums.com/User-carolineg,Available,403,4.951184502
carolineg,Rajce.net,https://www.rajce.idnes.cz/,https://carolineg.rajce.idnes.cz/,Available,410,5.14840696
carolineg,Rate Your Music,https://rateyourmusic.com/,https://rateyourmusic.com/~carolineg,Available,404,5.781768
carolineg,Redbubble,https://www.redbubble.com/,https://www.redbubble.com/people/carolineg,Claimed,200,6.429859329
carolineg,Reddit,https://www.reddit.com/,https://www.reddit.com/user/carolineg,Claimed,200,5.290954484
carolineg,Repl.it,https://repl.it/,https://repl.it/@carolineg,Claimed,200,6.213297186
carolineg,ResearchGate,https://www.researchgate.net/,,Illegal,,
carolineg,ReverbNation,https://www.reverbnation.com/,https://www.reverbnation.com/carolineg,Available,404,5.643443474
carolineg,Roblox,https://www.roblox.com/,https://www.roblox.com/user.aspx?username=carolineg,Claimed,200,5.948572001
carolineg,RubyGems,https://rubygems.org/,https://rubygems.org/profiles/carolineg,Available,404,5.408020748999999
carolineg,Sbazar.cz,https://www.sbazar.cz/,https://www.sbazar.cz/carolineg,Claimed,200,5.603333667999999
carolineg,Scratch,https://scratch.mit.edu/,https://scratch.mit.edu/users/carolineg,Claimed,200,5.558717997
carolineg,Scribd,https://www.scribd.com/,https://www.scribd.com/carolineg,Claimed,200,7.154706019
carolineg,ShitpostBot5000,https://www.shitpostbot.com/,https://www.shitpostbot.com/user/carolineg,Available,404,6.195506588
carolineg,Signal,https://community.signalusers.org,https://community.signalusers.org/u/carolineg,Available,404,6.0651001639999995
carolineg,Slack,https://slack.com,https://carolineg.slack.com,Claimed,200,5.818459681999999
carolineg,Slashdot,https://slashdot.org,https://slashdot.org/~carolineg,Available,404,6.487906692
carolineg,SlideShare,https://slideshare.net/,https://slideshare.net/carolineg,Claimed,200,6.577423425
carolineg,Smashcast,https://www.smashcast.tv/,https://www.smashcast.tv/api/media/live/carolineg,Unknown,?,
carolineg,Smule,https://www.smule.com/,https://www.smule.com/carolineg,Claimed,200,6.883907548
carolineg,SoundCloud,https://soundcloud.com/,https://soundcloud.com/carolineg,Claimed,200,5.841019201
carolineg,SourceForge,https://sourceforge.net/,https://sourceforge.net/u/carolineg,Available,404,6.564098985999999
carolineg,SoylentNews,https://soylentnews.org,https://soylentnews.org/~carolineg,Available,200,6.656951089
carolineg,Speedrun.com,https://speedrun.com/,https://speedrun.com/user/carolineg,Available,404,6.000376074
carolineg,Splits.io,https://splits.io,https://splits.io/users/carolineg,Available,404,6.399391565
carolineg,Sporcle,https://www.sporcle.com/,https://www.sporcle.com/user/carolineg/people,Available,403,5.962506896
carolineg,SportsRU,https://www.sports.ru/,https://www.sports.ru/profile/carolineg/,Available,404,6.236554991
carolineg,Spotify,https://open.spotify.com/,https://open.spotify.com/user/carolineg,Claimed,200,6.1222594599999995
carolineg,Star Citizen,https://robertsspaceindustries.com/,https://robertsspaceindustries.com/citizens/carolineg,Available,404,6.206947609
carolineg,Steam,https://steamcommunity.com/,https://steamcommunity.com/id/carolineg,Claimed,200,6.615833564
carolineg,SteamGroup,https://steamcommunity.com/,https://steamcommunity.com/groups/carolineg,Available,200,6.532447491
carolineg,Strava,https://www.strava.com/,https://www.strava.com/athletes/carolineg,Claimed,200,7.096288221
carolineg,SublimeForum,https://forum.sublimetext.com/,https://forum.sublimetext.com/u/carolineg,Available,404,6.6643336269999995
carolineg,TETR.IO,https://tetr.io,https://ch.tetr.io/u/carolineg,Available,200,6.321003001999999
carolineg,Telegram,https://t.me/,https://t.me/carolineg,Claimed,200,6.360929592
carolineg,Tellonym.me,https://tellonym.me/,https://tellonym.me/carolineg,Claimed,200,6.368672912
carolineg,TikTok,https://tiktok.com/,https://tiktok.com/@carolineg,Claimed,200,8.005158997
carolineg,Tinder,https://tinder.com/,https://www.gotinder.com/@carolineg,Claimed,200,7.013309025
carolineg,TrackmaniaLadder,http://en.tm-ladder.com/index.php,http://en.tm-ladder.com/carolineg_rech.php,Claimed,200,6.542150232
carolineg,TradingView,https://www.tradingview.com/,https://www.tradingview.com/u/carolineg/,Claimed,200,6.595071516
carolineg,Trakt,https://www.trakt.tv/,https://www.trakt.tv/users/carolineg,Claimed,200,7.058728434
carolineg,TrashboxRU,https://trashbox.ru/,https://trashbox.ru/users/carolineg,Available,200,6.880058908
carolineg,Trello,https://trello.com/,https://trello.com/carolineg,Claimed,200,6.641621067
carolineg,TryHackMe,https://tryhackme.com/,https://tryhackme.com/p/carolineg,Available,404,6.853412737999999
carolineg,Twitch,https://www.twitch.tv/,https://www.twitch.tv/carolineg,Available,404,6.724820115
carolineg,Typeracer,https://typeracer.com,https://data.typeracer.com/pit/profile?user=carolineg,Claimed,200,7.0888354929999995
carolineg,Ultimate-Guitar,https://ultimate-guitar.com/,https://ultimate-guitar.com/u/carolineg,Claimed,200,7.024665039
carolineg,Unsplash,https://unsplash.com/,https://unsplash.com/@carolineg,Claimed,200,6.650751425
carolineg,VK,https://vk.com/,https://vk.com/carolineg,Claimed,200,7.118669113
carolineg,VSCO,https://vsco.co/,https://vsco.co/carolineg,Claimed,200,8.445297653
carolineg,Velomania,https://forum.velomania.ru/,https://forum.velomania.ru/member.php?username=carolineg,Available,200,6.923032231
carolineg,Venmo,https://venmo.com/,https://venmo.com/carolineg,Claimed,200,6.8132155889999995
carolineg,Vero,https://vero.co/,https://vero.co/carolineg,Available,404,7.145598718
carolineg,Vimeo,https://vimeo.com/,https://vimeo.com/carolineg,Claimed,200,6.896276732
carolineg,Virgool,https://virgool.io/,https://virgool.io/@carolineg,Available,200,8.016624682000002
carolineg,VirusTotal,https://www.virustotal.com/,https://www.virustotal.com/ui/users/carolineg/trusted_users,Available,404,6.98485865
carolineg,Warrior Forum,https://www.warriorforum.com/,https://www.warriorforum.com/members/carolineg.html,Available,400,7.416341128
carolineg,Wattpad,https://www.wattpad.com/,https://www.wattpad.com/user/carolineg,Claimed,200,7.0056507649999995
carolineg,We Heart It,https://weheartit.com/,https://weheartit.com/carolineg,Claimed,200,7.929170662
carolineg,WebNode,https://www.webnode.cz/,https://carolineg.webnode.cz/,Available,404,7.277752191
carolineg,Whonix Forum,https://forums.whonix.org/,https://forums.whonix.org/u/carolineg,Available,404,7.231358626
carolineg,Wikidot,http://www.wikidot.com/,http://www.wikidot.com/user:info/carolineg,Claimed,200,7.193653138
carolineg,Wikipedia,https://www.wikipedia.org/,https://www.wikipedia.org/wiki/User:carolineg,Available,404,7.404033257999999
carolineg,Windy,https://windy.com/,https://community.windy.com/user/carolineg,Available,404,7.125800003
carolineg,Wix,https://wix.com/,https://carolineg.wix.com,Available,404,7.254868255
carolineg,WordPress,https://wordpress.com,https://carolineg.wordpress.com/,Claimed,200,7.326011471
carolineg,WordPressOrg,https://wordpress.org/,https://profiles.wordpress.org/carolineg/,Claimed,200,7.536833871
carolineg,Xbox Gamertag,https://xboxgamertag.com/,https://xboxgamertag.com/search/carolineg,Claimed,200,7.465395094999999
carolineg,YouNow,https://www.younow.com/,https://www.younow.com/carolineg/,Claimed,200,7.6869120660000005
carolineg,YouPic,https://youpic.com/,https://youpic.com/photographer/carolineg/,Available,404,7.372414708
carolineg,Zhihu,https://www.zhihu.com/,https://www.zhihu.com/people/carolineg,Claimed,200,7.944582931
carolineg,akniga,https://akniga.org/profile/blue/,https://akniga.org/profile/carolineg,Available,404,7.6203084809999995
carolineg,aminoapp,https://aminoapps.com/,https://aminoapps.com/u/carolineg,Claimed,200,8.116611845000001
carolineg,authorSTREAM,http://www.authorstream.com/,http://www.authorstream.com/carolineg/,Claimed,200,7.588291549
carolineg,babyRU,https://www.baby.ru/,https://www.baby.ru/u/carolineg/,Available,404,7.580292192999999
carolineg,babyblogRU,https://www.babyblog.ru/,https://www.babyblog.ru/user/info/carolineg,Available,200,8.010568615
carolineg,chaos.social,https://chaos.social/,https://chaos.social/@carolineg,Available,404,7.509936212
carolineg,couchsurfing,https://www.couchsurfing.com/,https://www.couchsurfing.com/people/carolineg,Claimed,200,7.938351885
carolineg,d3RU,https://d3.ru/,https://d3.ru/user/carolineg/posts,Available,404,7.604470154
carolineg,dailykos,https://www.dailykos.com,https://www.dailykos.com/user/carolineg,Claimed,200,8.468348662
carolineg,datingRU,http://dating.ru,http://dating.ru/carolineg,Available,404,8.555226712000001
carolineg,devRant,https://devrant.com/,https://devrant.com/users/carolineg,Available,302,7.9699378780000005
carolineg,drive2,https://www.drive2.ru/,https://www.drive2.ru/users/carolineg,Claimed,200,7.877640005999999
carolineg,eGPU,https://egpu.io/,https://egpu.io/forums/profile/carolineg/,Available,404,8.570487996
carolineg,eintracht,https://eintracht.de,https://community.eintracht.de/fans/carolineg,Available,404,8.876286618
carolineg,fixya,https://www.fixya.com,https://www.fixya.com/users/carolineg,Available,403,7.708056148
carolineg,fl,https://www.fl.ru/,https://www.fl.ru/users/carolineg,Available,404,8.018209536
carolineg,forum_guns,https://forum.guns.ru/,https://forum.guns.ru/forummisc/blog/carolineg,Available,200,8.77116668
carolineg,forumhouseRU,https://www.forumhouse.ru/,https://www.forumhouse.ru/members/?username=carolineg,Available,200,8.428056327
carolineg,geocaching,https://www.geocaching.com/,https://www.geocaching.com/p/default.aspx?u=carolineg,Claimed,200,8.400550601
carolineg,gfycat,https://gfycat.com/,https://gfycat.com/@carolineg,Available,404,7.948333614
carolineg,habr,https://habr.com/,https://habr.com/ru/users/carolineg,Available,404,8.310928728
carolineg,hackster,https://www.hackster.io,https://www.hackster.io/carolineg,Available,404,8.208751581000001
carolineg,hunting,https://www.hunting.ru/forum/,https://www.hunting.ru/forum/members/?username=carolineg,Available,200,8.782794664
carolineg,iMGSRC.RU,https://imgsrc.ru/,https://imgsrc.ru/main/user.php?user=carolineg,Available,302,8.200301510000001
carolineg,igromania,http://forum.igromania.ru/,http://forum.igromania.ru/member.php?username=carolineg,Available,200,8.219344462
carolineg,interpals,https://www.interpals.net/,https://www.interpals.net/carolineg,Claimed,200,8.244943031
carolineg,irecommend,https://irecommend.ru/,https://irecommend.ru/users/carolineg,Available,404,8.390755598
carolineg,jbzd.com.pl,https://jbzd.com.pl/,https://jbzd.com.pl/uzytkownik/carolineg,Available,404,8.246424915
carolineg,jeuxvideo,http://www.jeuxvideo.com,http://www.jeuxvideo.com/profil/carolineg?mode=infos,Claimed,200,8.381487536
carolineg,kofi,https://ko-fi.com,https://ko-fi.com/carolineg,Available,403,8.310250591
carolineg,kwork,https://www.kwork.ru/,https://kwork.ru/user/carolineg,Available,404,8.814694908
carolineg,labpentestit,https://lab.pentestit.ru/,https://lab.pentestit.ru/profile/carolineg,Available,302,9.007516469
carolineg,last.fm,https://last.fm/,https://last.fm/user/carolineg,Claimed,200,8.954374507
carolineg,leasehackr,https://forum.leasehackr.com/,https://forum.leasehackr.com/u/carolineg/summary/,Available,404,8.999986836000001
carolineg,livelib,https://www.livelib.ru/,https://www.livelib.ru/reader/carolineg,Claimed,200,8.993053531000001
carolineg,mastodon.cloud,https://mastodon.cloud/,https://mastodon.cloud/@carolineg,Available,404,8.58589092
carolineg,mastodon.social,https://chaos.social/,https://mastodon.social/@carolineg,Available,404,8.837427252000001
carolineg,mastodon.technology,https://mastodon.xyz/,https://mastodon.technology/@carolineg,Available,404,8.715733115
carolineg,mastodon.xyz,https://mastodon.xyz/,https://mastodon.xyz/@carolineg,Available,404,8.646637835
carolineg,mercadolivre,https://www.mercadolivre.com.br,https://www.mercadolivre.com.br/perfil/carolineg,Claimed,200,8.784889414
carolineg,metacritic,https://www.metacritic.com/,https://www.metacritic.com/user/carolineg,Available,200,10.747356363000002
carolineg,moikrug,https://moikrug.ru/,https://moikrug.ru/carolineg,Available,404,8.917830603
carolineg,mstdn.io,https://mstdn.io/,https://mstdn.io/@carolineg,Available,404,8.708244363
carolineg,nairaland.com,https://www.nairaland.com/,https://www.nairaland.com/carolineg,Available,404,8.682611109000002
carolineg,nnRU,https://https://www.nn.ru/,https://carolineg.www.nn.ru/,Available,404,9.190549639
carolineg,note,https://note.com/,https://note.com/carolineg,Available,404,9.614443031
carolineg,npm,https://www.npmjs.com/,https://www.npmjs.com/~carolineg,Available,404,9.655661936000001
carolineg,opennet,https://www.opennet.ru/,https://www.opennet.ru/~carolineg,Available,200,9.232822772
carolineg,osu!,https://osu.ppy.sh/,https://osu.ppy.sh/users/carolineg,Claimed,200,9.480400364000001
carolineg,phpRU,https://php.ru/forum/,https://php.ru/forum/members/?username=carolineg,Available,200,9.456682428
carolineg,pikabu,https://pikabu.ru/,https://pikabu.ru/@carolineg,Available,404,9.033409859
carolineg,pr0gramm,https://pr0gramm.com/,https://pr0gramm.com/user/carolineg,Available,404,9.062479416
carolineg,prog.hu,https://prog.hu/,https://prog.hu/azonosito/info/carolineg,Available,302,9.521410201
carolineg,radio_echo_msk,https://echo.msk.ru/,https://echo.msk.ru/users/carolineg,Available,404,9.774236433
carolineg,satsisRU,https://satsis.info/,https://satsis.info/user/carolineg,Available,404,10.541430928
carolineg,social.tchncs.de,https://social.tchncs.de/,https://social.tchncs.de/@carolineg,Available,404,9.213439024000001
carolineg,spletnik,https://spletnik.ru/,https://spletnik.ru/user/carolineg,Available,404,9.383910656000001
carolineg,svidbook,https://www.svidbook.ru/,https://www.svidbook.ru/user/carolineg,Available,404,9.302489754000002
carolineg,toster,https://www.toster.ru/,https://www.toster.ru/user/carolineg/answers,Available,404,9.492092738
carolineg,uid,https://uid.me/,http://uid.me/carolineg,Available,404,9.251322031
